eval.problem,bit.len,pop.size,generations,mutation.rate,result1,result2,result3,result4,result5,average,min
sphere,52,5,50,0.025,0.995231925175122,0.9887829059338269,0.9986899890772409,0.9932211782742006,0.9984331155085091,0.99487182279378,0.9887829059338269
sphere,52,5,50,0.05,0.9927191511228524,0.9921088170155994,0.9949082433194425,0.9904185896629323,0.9877572116172784,0.991582402547621,0.9877572116172784
sphere,52,5,50,0.075,0.9965988220443749,0.9940490518897522,0.9980105154572823,0.9978309608729832,0.9949530204540662,0.9962884741436916,0.9940490518897522
sphere,52,5,50,0.1,0.9945430707788085,0.9861762846383677,0.9980215931417782,0.9871198886871577,0.999612821425873,0.993094731734397,0.9861762846383677
sphere,52,5,75,0.025,0.9905953276749886,0.9869012590422843,0.9970221182322436,0.9991977353150536,0.9928435146278063,0.9933119909784753,0.9869012590422843
sphere,52,5,75,0.05,0.9979406853632864,0.9982662712594641,0.9959868989280583,0.9764614041940847,0.9964569064830471,0.993022433245588,0.9764614041940847
sphere,52,5,75,0.075,0.9880627997682543,0.9979035289980931,0.9971348498945507,0.9978695300543359,0.9967545254716701,0.9955450468373808,0.9880627997682543
sphere,52,5,75,0.1,0.9977961168245668,0.9968064409343069,0.9959287044691474,0.9972742795282794,0.9951700494832714,0.9965951182479145,0.9951700494832714
sphere,52,5,100,0.025,0.9955664194263354,0.9940138126680518,0.9969283756927725,0.9958932128843052,0.9968445737583069,0.9958492788859544,0.9940138126680518
sphere,52,5,100,0.05,0.9993093538457605,0.9983130086613918,0.9983824323183146,0.9976985379445744,0.9985791630654051,0.9984564991670893,0.9976985379445744
sphere,52,5,100,0.075,0.999843944563648,0.9989180519174508,0.9993985887102166,0.9993950036354693,0.9964686841265094,0.9988048545906588,0.9964686841265094
sphere,52,5,100,0.1,0.9890019335906133,0.9992600271188326,0.9994452478704063,0.9952896942821872,0.9974231358654533,0.9960840077454985,0.9890019335906133
sphere,52,5,150,0.025,0.9989475011118996,0.999727229232757,0.9991207832020337,0.9978517851976616,0.9995102100050692,0.9990315017498842,0.9978517851976616
sphere,52,5,150,0.05,0.9983446630024504,0.9995154423511221,0.9985740850145137,0.9991783545988253,0.997921861902888,0.9987068813739601,0.997921861902888
sphere,52,5,150,0.075,0.9987503268395441,0.9973542680808261,0.9998237208719862,0.9993196753543938,0.9992580038049816,0.9989011989903464,0.9973542680808261
sphere,52,5,150,0.1,0.9972369022397496,0.9944319320939856,0.9967937038033721,0.9984721451427871,0.9993958423123925,0.9972661051184574,0.9944319320939856
sphere,52,10,50,0.025,0.9996172532164582,0.9998390633683094,0.9997158629751992,0.9878926821409977,0.9994053041313347,0.9972940331664597,0.9878926821409977
sphere,52,10,50,0.05,0.9999774677692661,0.9999236081020011,0.9989896606876187,0.9996229332671402,0.9974767685866848,0.9991980876825423,0.9974767685866848
sphere,52,10,50,0.075,0.9989664120436201,0.9998055206190151,0.9993343557629819,0.9983072003611164,0.9985321418073163,0.9989891261188099,0.9983072003611164
sphere,52,10,50,0.1,0.9993536135732823,0.9966726633092391,0.9989620843430047,0.9993235835460978,0.999687003786375,0.9987997897115999,0.9966726633092391
sphere,52,10,75,0.025,0.9975490522667305,0.9984375067770594,0.9986371721383289,0.9978355595732114,0.9996525835477958,0.9984223748606252,0.9975490522667305
sphere,52,10,75,0.05,0.9992407352245016,0.9997925556909217,0.9992930191454332,0.9997607409505478,0.9998114636823665,0.9995797029387543,0.9992407352245016
sphere,52,10,75,0.075,0.9978503736087327,0.9988278554729779,0.996865223975304,0.9989316045645575,0.9998876923657976,0.998472549997474,0.996865223975304
sphere,52,10,75,0.1,0.9999044105601895,0.9967629210147952,0.9961558475504413,0.998700026320406,0.9993885819081985,0.9981823574708061,0.9961558475504413
sphere,52,10,100,0.025,0.9992199108769322,0.9977330169038601,0.9988562459300774,0.9971745824784801,0.9987196066186983,0.9983406725616095,0.9971745824784801
sphere,52,10,100,0.05,0.999226524408064,0.9963003019444681,0.9984120620058543,0.999423087291518,0.9990130328652618,0.9984750017030333,0.9963003019444681
sphere,52,10,100,0.075,0.999561830858928,0.9998314671463355,0.9992961444632595,0.997594587411786,0.9991624367846352,0.9990892933329889,0.997594587411786
sphere,52,10,100,0.1,0.9996241341575631,0.9996966964776748,0.9999446495736055,0.9987132065318742,0.9997757002628953,0.9995508774007227,0.9987132065318742
sphere,52,10,150,0.025,0.9997461127468585,0.9984720422805096,0.9986219351810104,0.9999297747671174,0.998553099890299,0.9990645929731589,0.9984720422805096
sphere,52,10,150,0.05,0.9998964999285826,0.9991031356373816,0.9970389885160886,0.9978858359581246,0.9986468237883332,0.9985142567657022,0.9970389885160886
sphere,52,10,150,0.075,0.9998565721506403,0.9994689773156904,0.9999197961474742,0.9998778900931558,0.9995833417310591,0.9997413154876039,0.9994689773156904
sphere,52,10,150,0.1,0.9999757343757298,0.9999533752852316,0.9998140272478471,0.999674969685939,0.9980156866309495,0.9994867586451395,0.9980156866309495
sphere,52,15,50,0.025,0.999637709522847,0.9980845992530238,0.9985305583149504,0.9999130372315208,0.9977360414192009,0.9987803891483086,0.9977360414192009
sphere,52,15,50,0.05,0.9991105957830901,0.9981142094878759,0.9986537156114375,0.9959888932713679,0.9980264996656785,0.9979787827638897,0.9959888932713679
sphere,52,15,50,0.075,0.9972891784834725,0.9998114421168303,0.9979502752540812,0.9983509372630277,0.9998714858040532,0.9986546637842931,0.9972891784834725
sphere,52,15,50,0.1,0.9987743251965555,0.9996153366945306,0.9995191055893309,0.999961034397556,0.999516106842929,0.9994771817441803,0.9987743251965555
sphere,52,15,75,0.025,0.998989424072191,0.9990918019734998,0.9988751817610386,0.9991938921196293,0.9991249907694899,0.9990550581391698,0.9988751817610386
sphere,52,15,75,0.05,0.9985179210706823,0.9999700442674846,0.9992383762785342,0.9988236977949496,0.9997712853535885,0.9992642649530479,0.9985179210706823
sphere,52,15,75,0.075,0.9995187476468399,0.9997017551578806,0.9985664004819361,0.9997827675808864,0.9979948497115696,0.9991129041158227,0.9979948497115696
sphere,52,15,75,0.1,0.9999709133692514,0.9994731670331622,0.9990219261180431,0.9998360776467277,0.9984077511099978,0.9993419670554363,0.9984077511099978
sphere,52,15,100,0.025,0.9999286299360837,0.9997303947289682,0.9991766797137549,0.9994119515917348,0.9994810371320848,0.9995457386205253,0.9991766797137549
sphere,52,15,100,0.05,0.9985501648612933,0.9987787827626968,0.9999743359411366,0.9986490009007318,0.9987734477645982,0.9989451464460913,0.9985501648612933
sphere,52,15,100,0.075,0.9997018394260719,0.9993676756846297,0.9987375761227137,0.9986971373105298,0.9991765106779216,0.9991361478443734,0.9986971373105298
sphere,52,15,100,0.1,0.9985420278978514,0.9997409974592442,0.9988747669827684,0.9990221705992437,0.9996295156420074,0.9991618957162232,0.9985420278978514
sphere,52,15,150,0.025,0.9995228844513031,0.999363692702655,0.9999464646562612,0.9997267438925543,0.9998733083333511,0.999686618807225,0.999363692702655
sphere,52,15,150,0.05,0.9988830192449454,0.9991425276541546,0.9993966957187521,0.9997396453921172,0.9999027196131811,0.9994129215246301,0.9988830192449454
sphere,52,15,150,0.075,0.9997467918962923,0.9996882365833077,0.9998300666042537,0.9999675372447558,0.9994171376740375,0.9997299540005296,0.9994171376740375
sphere,52,15,150,0.1,0.9999701370052183,0.9999732034333058,0.999461197855599,0.9996181127462216,0.9997543987882047,0.99975540996571,0.999461197855599
sphere,52,20,50,0.025,0.9980119636402722,0.9987564573572898,0.9995835153043475,0.9998125088143457,0.9988910726292433,0.9990111035490997,0.9980119636402722
sphere,52,20,50,0.05,0.9996589220652969,0.9999145829164291,0.9997706663489183,0.9998192379380304,0.9998276728557836,0.9997982164248918,0.9996589220652969
sphere,52,20,50,0.075,0.9988999024283713,0.999543658244622,0.9991525539502073,0.9999725577104004,0.9987843785351205,0.9992706101737442,0.9987843785351205
sphere,52,20,50,0.1,0.9996542347936772,0.9997900298109872,0.9997374467049724,0.9999179680083359,0.9993520397216695,0.9996903438079284,0.9993520397216695
sphere,52,20,75,0.025,0.9994996574171369,0.9974324905087442,0.9999934421836734,0.9999444766079624,0.9993389671600355,0.9992418067755103,0.9974324905087442
sphere,52,20,75,0.05,0.9989850191470011,0.9994832908016063,0.9987507192037433,0.9998618647077318,0.9993772895638606,0.9992916366847886,0.9987507192037433
sphere,52,20,75,0.075,0.9983784811192782,0.9998457754742249,0.9991094945455119,0.9989382555210056,0.9995078032688611,0.9991559619857764,0.9983784811192782
sphere,52,20,75,0.1,0.9999914508774554,0.999228651530754,0.9989692648616226,0.999706724578634,0.9998301879820084,0.9995452559660951,0.9989692648616226
sphere,52,20,100,0.025,0.998267817653758,0.9999665073591724,0.9995277978262889,0.9998341614212631,0.9976023185458343,0.9990397205612634,0.9976023185458343
sphere,52,20,100,0.05,0.9997326580326937,0.9997588562692754,0.9996383062329746,0.9997081825827436,0.9998639731119763,0.9997403952459327,0.9996383062329746
sphere,52,20,100,0.075,0.9999222412660476,0.9995540207676625,0.9974865590172992,0.9998629812614221,0.9996297944762047,0.9992911193577273,0.9974865590172992
sphere,52,20,100,0.1,0.9999372854683621,0.9999053901049941,0.9999190389692074,0.9999761484208443,0.9990048252511177,0.999748537642905,0.9990048252511177
sphere,52,20,150,0.025,0.9996686678798012,0.9996297123011926,0.9995435692825894,0.9997664874295855,0.999922106824553,0.9997061087435444,0.9995435692825894
sphere,52,20,150,0.05,0.9999498724520579,0.9993647256786309,0.998734674627989,0.9993663005859543,0.9996124545573741,0.9994056055804013,0.998734674627989
sphere,52,20,150,0.075,0.9999825367763455,0.9997888332708296,0.9987740871648139,0.9996312792018214,0.9995260060372164,0.9995405484902055,0.9987740871648139
sphere,52,20,150,0.1,0.9997328703756732,0.9997185735806713,0.9991277220283117,0.9999292800085524,0.9995143388366734,0.9996045569659764,0.9991277220283117
griew,52,5,50,0.025,0.007461843262316581,0.006940070843352464,0.006286830763989837,0.014099631307577631,0.007038619509591726,0.008365399137365647,0.006286830763989837
griew,52,5,50,0.05,0.010753607632745465,0.0032408068664473433,0.0073206489029862265,0.005266694188446275,0.003688914871930349,0.006054134492511132,0.0032408068664473433
griew,52,5,50,0.075,0.002037169689079299,0.0012241207864409631,0.00618134314098806,0.0008570585398797181,0.0012112373981809643,0.002302185910913801,0.0008570585398797181
griew,52,5,50,0.1,0.00516231386977517,0.00486622636447942,0.005423109541944582,0.03025543734887637,0.001130395827948938,0.009367496590604896,0.001130395827948938
griew,52,5,75,0.025,0.0010928255074913462,0.005559219773271007,0.0006543932973561706,0.0013103694942551147,0.0005099729392656904,0.0018253562023278658,0.0005099729392656904
griew,52,5,75,0.05,0.002829345819278961,0.002326402772578229,0.0002570927127423239,0.000884163398441995,0.000320675683934013,0.0013235360773951044,0.0002570927127423239
griew,52,5,75,0.075,7.37528290444267e-05,0.0041859939309485394,0.01074070144561401,0.0015947223030008395,0.005083198660733146,0.004335673833868192,7.37528290444267e-05
griew,52,5,75,0.1,0.005098211114216156,0.0036333919345163945,0.0007888124020813958,0.002808256520154817,0.009489955262920846,0.004363725446777922,0.0007888124020813958
griew,52,5,100,0.025,0.0058858126668155375,0.00029283781898792327,0.00016965401330826246,0.0012977958296762626,0.0062397684281556565,0.0027771737513887285,0.00016965401330826246
griew,52,5,100,0.05,0.00026704162982538193,0.00022667039032153724,0.012323756031012989,0.0032365506522913368,0.005084938626990665,0.004227791466088382,0.00022667039032153724
griew,52,5,100,0.075,0.0021698849892801686,0.005013071409968317,0.0010170716851776174,0.0004203493100145561,0.002209927238062459,0.0021660609265006237,0.0004203493100145561
griew,52,5,100,0.1,0.015576458950602223,0.00264050090739798,0.00024870676552080084,0.0015552381182757369,0.002852334983034055,0.004574647944966159,0.00024870676552080084
griew,52,5,150,0.025,0.004468376519270789,8.037573359453987e-05,0.0008389311470453631,0.0024920472497358404,0.002342112872855129,0.002044368704500332,8.037573359453987e-05
griew,52,5,150,0.05,0.003143194700371277,0.002518185831618558,0.0004911446045881007,0.0005612585540017978,0.0014746357476596028,0.0016376838876478671,0.0004911446045881007
griew,52,5,150,0.075,3.283855520419543e-05,0.0002566918388313688,0.003827407436646668,0.001042284299717755,0.0011915084687992294,0.0012701461198398433,3.283855520419543e-05
griew,52,5,150,0.1,0.0001966999379174883,0.0003464224185543152,0.0002858387204993651,0.0009633388476757432,0.0007566522851447655,0.0005097904419583355,0.0001966999379174883
griew,52,10,50,0.025,0.0011355016599954304,0.00026508294733629256,0.0025460733271223113,0.0006791834794799279,0.002044255619991775,0.0013340194067851473,0.00026508294733629256
griew,52,10,50,0.05,6.452377450338886e-05,0.011235733069067333,0.006605850272790148,0.0011953404833884296,0.0005892793405704033,0.003938145388063941,6.452377450338886e-05
griew,52,10,50,0.075,0.002108014615717968,0.006008127940331676,0.0007130341776038218,0.0033075902986137162,0.001954308902330837,0.0028182151869196037,0.0007130341776038218
griew,52,10,50,0.1,0.003059437135152887,0.00013068598377508067,0.0035215874021428117,0.0006235562442007403,0.0027019238732199913,0.0020074381276983023,0.00013068598377508067
griew,52,10,75,0.025,0.00020716650931840164,0.0006368371739691181,0.0006768047242307063,0.0008213833264258952,0.001103739490804223,0.0006891862449496689,0.00020716650931840164
griew,52,10,75,0.05,0.0013902959538600879,0.0021079261897143375,0.0019446772942448565,0.0026938785913637187,0.0004488024283981762,0.0017171160915162354,0.0004488024283981762
griew,52,10,75,0.075,0.006357618962627765,0.0005304512173889275,0.0005283973473693138,0.0004904275711345996,0.0013356444015053537,0.0018485079000051918,0.0004904275711345996
griew,52,10,75,0.1,0.0013205908738351813,0.002201279948307322,0.0021383819566007656,0.00047149318430128595,0.0010938394536910145,0.0014451170833471138,0.00047149318430128595
griew,52,10,100,0.025,0.001176025810507797,0.003891023981913877,0.00045667868947529833,0.0024762376762701432,0.00015493544831701733,0.0016309803212968266,0.00015493544831701733
griew,52,10,100,0.05,0.000648601482107436,0.0002923103754304268,0.00013401923093336876,0.0008822796855896264,0.005902567997786656,0.001571955754369503,0.00013401923093336876
griew,52,10,100,0.075,0.0028260872627527966,0.00037435060642376783,0.0009713600330298888,0.0022142762459762544,0.00025170150716835593,0.0013275551310702126,0.00025170150716835593
griew,52,10,100,0.1,0.00011332724905988023,4.600463606951877e-06,0.002120082370539622,0.0018626814533526659,0.00012331710981206,0.000844801729274236,4.600463606951877e-06
griew,52,10,150,0.025,7.838827227213407e-05,0.0002802107921793251,0.000722398956675141,3.1515349275812454e-05,0.0015327681015553374,0.00052905629439155,3.1515349275812454e-05
griew,52,10,150,0.05,0.0028243168167609856,0.0003295875141062776,0.0014787321745468596,0.0016530951435629326,0.00010047441640304022,0.0012772412130760192,0.00010047441640304022
griew,52,10,150,0.075,0.0002894596498874691,0.00017168423511559894,0.001287557970639508,0.00013760029208920166,0.0008457159772123912,0.0005464036249888338,0.00013760029208920166
griew,52,10,150,0.1,0.0007688241560317444,0.0009777977306850705,0.001427637610619481,0.0026007228171542884,0.0010033163237141984,0.0013556597276409565,0.0007688241560317444
griew,52,15,50,0.025,5.664611939470987e-05,0.0012115976910624937,0.00258030052156788,0.00024710831046004245,0.0025341545680763744,0.0013259614421123,5.664611939470987e-05
griew,52,15,50,0.05,0.0004673078667905006,0.002442151444814966,0.0018773960082150154,0.0004987887745719899,1.2402626851315546e-05,0.0010596093442487575,1.2402626851315546e-05
griew,52,15,50,0.075,0.001843737156103531,0.0006444343219695892,0.00040190319314148404,0.001872731730760746,0.00044797875165158985,0.001042157030725388,0.00040190319314148404
griew,52,15,50,0.1,0.00011030701592340542,0.002045949942711678,0.00022264197518251372,0.005522705550257356,0.0028081987966475097,0.0021419606561444925,0.00011030701592340542
griew,52,15,75,0.025,0.0016244214403082768,0.00038916430149993353,0.0006644320020787742,0.00011858885212334691,0.0009848420212688058,0.0007562897234558274,0.00011858885212334691
griew,52,15,75,0.05,0.00040587818575721357,0.00011826583359297871,0.0025961549588435773,0.000521460818738273,0.0004297994689075324,0.000814311853167915,0.00011826583359297871
griew,52,15,75,0.075,0.0011491525634814703,0.0005865180523054736,8.588862771508055e-05,0.00043536086204620794,0.00030896021169102283,0.0005131760634478511,8.588862771508055e-05
griew,52,15,75,0.1,0.0013645911276576328,0.002292220582622795,0.0011715312390498944,2.933769103607986e-05,6.907359286101311e-05,0.000985350846645483,2.933769103607986e-05
griew,52,15,100,0.025,0.0015640855149741117,6.542963569100557e-05,0.0017954813084719579,0.0017719436269121314,0.0008606872534027143,0.0012115254678903842,6.542963569100557e-05
griew,52,15,100,0.05,0.0002424990752318834,0.0006105647244667445,0.0007030328516184348,7.36248700297093e-05,0.00021531962298149132,0.00036900822886565265,7.36248700297093e-05
griew,52,15,100,0.075,0.0018121854404962168,0.0001860057473450638,0.00033621919715720594,4.351965803439661e-05,0.0012611513490461412,0.0007278162784158049,4.351965803439661e-05
griew,52,15,100,0.1,0.0007647532894567988,6.229347822062081e-05,5.65294359247126e-05,0.00030544503015117463,0.0033211729046358496,0.0009020388276778313,5.65294359247126e-05
griew,52,15,150,0.025,0.00011182222852124113,0.000332794335381692,0.0003668234418652272,0.00034099308654544913,0.0008514947030708875,0.0004007855590768994,0.00011182222852124113
griew,52,15,150,0.05,5.345266800071968e-06,0.0010378466656193464,0.0007524722339007361,0.0012405629975431598,0.0010038226089952307,0.0008080099545717089,5.345266800071968e-06
griew,52,15,150,0.075,0.0005039372623545368,0.0005877522532702351,0.000378360824983881,0.00036745778939595297,0.00018571527654720477,0.00040464468131036214,0.00018571527654720477
griew,52,15,150,0.1,0.00043085591010205704,0.0005722143442061789,0.0013481547185001386,5.3094945702270024e-06,0.0012694667480706023,0.0007252002430898407,5.3094945702270024e-06
griew,52,20,50,0.025,0.0001248680947976144,0.0015017864303050743,0.0005450140676437343,0.00018343888080996074,1.1905267073286652e-05,0.00047340254812593406,1.1905267073286652e-05
griew,52,20,50,0.05,0.0015335149685091753,0.00028799352141239964,0.0020826051235951493,0.0001428224835005043,0.003172399521834457,0.001443867123770337,0.0001428224835005043
griew,52,20,50,0.075,2.1000385953096057e-05,0.0010913258522138314,0.0006122883001806745,0.001195373844686598,0.00037771505836370345,0.0006595406882795807,2.1000385953096057e-05
griew,52,20,50,0.1,0.0004888829447908805,0.0010168988396328515,0.0027325934952660003,3.0741540851586535e-05,6.957372142535334e-05,0.0008677381083933344,3.0741540851586535e-05
griew,52,20,75,0.025,0.00037268035240534125,0.0006292008296970852,0.00015817408028628854,1.1454746025929552e-05,0.0017702795607048571,0.0005883579138239003,1.1454746025929552e-05
griew,52,20,75,0.05,0.0012895205005880594,0.00010787081492580342,0.001177970536613726,5.561957357791414e-05,0.00025564157872870474,0.0005773246008868415,5.561957357791414e-05
griew,52,20,75,0.075,0.00023458830197742309,0.0010092308276097306,0.0005072630954023882,0.00028008598636142246,0.0006017295611451257,0.000526579554499218,0.00023458830197742309
griew,52,20,75,0.1,5.804445893042853e-06,0.0003914705083634118,0.0013621158263472655,5.184195697149896e-05,0.0012312574552590938,0.0006084980385668626,5.804445893042853e-06
griew,52,20,100,0.025,0.0005233398294699487,1.5873108064612396e-05,0.0001194164539324305,0.0005244238457611239,0.0003289381306994521,0.0003023982735855135,1.5873108064612396e-05
griew,52,20,100,0.05,0.0001879739982235673,0.000644329470946392,0.0005813652053789919,0.00030662699569705687,0.0013289782351020296,0.0006098547810696076,0.0001879739982235673
griew,52,20,100,0.075,0.00021616052402695374,0.0008196693709578984,0.0002484948126966202,0.0011103587045493413,0.0017259518683558905,0.0008241270561173408,0.00021616052402695374
griew,52,20,100,0.1,0.0002522665860849038,6.625242471169912e-05,0.0004711871265583589,0.00013816764888763267,1.6991702134205866e-07,0.0001856087406527873,1.6991702134205866e-07
griew,52,20,150,0.025,0.0005891396539452476,0.00035481311255369796,3.9547799174588505e-05,0.0007177894192040846,7.707719698735183e-05,0.0003556734363729941,3.9547799174588505e-05
griew,52,20,150,0.05,0.0004423330733405173,0.00038346936844679824,0.0010478213369709,0.00033931319752622535,0.0008831788518921524,0.0006192231656353186,0.00033931319752622535
griew,52,20,150,0.075,3.0053435456700583e-05,0.0002635275609066401,0.0004896345565292837,0.00016540402194342718,0.0006615973112715778,0.00032204337722152587,3.0053435456700583e-05
griew,52,20,150,0.1,1.3694296378874427e-05,0.00025979686396682133,0.0005067681163237747,0.00013592971039866342,8.011076010894236e-05,0.00019925994943541524,1.3694296378874427e-05
bump,52,5,50,0.025,0.9861003447035701,0.995784929750364,0.9985807319841005,0.9979758451990426,0.9957463587497477,0.994837642077365,0.9861003447035701
bump,52,5,50,0.05,0.9918944682500477,0.9985208748265668,0.9985167227630212,0.9926265290052918,0.9796961236566737,0.9922509437003203,0.9796961236566737
bump,52,5,50,0.075,0.9992070397410078,0.9851883937137846,0.9986624566915758,0.9963960662713902,0.9903455096853315,0.9939598932206181,0.9851883937137846
bump,52,5,50,0.1,0.9910354123268887,0.9961305443989836,0.9800711058023561,0.998754475274835,0.9985088660658723,0.9929000807737871,0.9800711058023561
bump,52,5,75,0.025,0.9954416739886882,0.997233992440129,0.9999222383048474,0.9903534907812364,0.9906804839055137,0.994726375884083,0.9903534907812364
bump,52,5,75,0.05,0.9999184211409011,0.9994538432064815,0.9983315181728996,0.9984543856298813,0.9980125167771756,0.9988341369854679,0.9980125167771756
bump,52,5,75,0.075,0.9993892475426789,0.9968472225105953,0.9970505545532233,0.9965882398098307,0.9831466598602403,0.9946043848553139,0.9831466598602403
bump,52,5,75,0.1,0.9987081139661824,0.9893796157445993,0.9995667269589517,0.9990032300254736,0.9984434728626173,0.9970202319115649,0.9893796157445993
bump,52,5,100,0.025,0.998214332967142,0.9989299735925066,0.9976827196719333,0.999295203017154,0.9991803261273686,0.998660511075221,0.9976827196719333
bump,52,5,100,0.05,0.998857865057573,0.9965494823052472,0.9999518210409923,0.9999834831101275,0.99705101988997,0.998478734280782,0.9965494823052472
bump,52,5,100,0.075,0.9991866410564383,0.9989475151477334,0.9889826834719719,0.9946083082918966,0.9923190916460516,0.9948088479228184,0.9889826834719719
bump,52,5,100,0.1,0.9979788764846811,0.9964707193408313,0.9990116934006634,0.9980357796281167,0.9953129923946724,0.997362012249793,0.9953129923946724
bump,52,5,150,0.025,0.9998452286701118,0.9997854878253118,0.9969716211328306,0.9994957816067525,0.9997487698515108,0.9991693778173035,0.9969716211328306
bump,52,5,150,0.05,0.9994658657135784,0.9979052836020712,0.9972527993920428,0.9993610283477743,0.9998942070727967,0.9987758368256527,0.9972527993920428
bump,52,5,150,0.075,0.9991905537881711,0.9996917582922016,0.9989980805354939,0.9989125243935137,0.9992214235128252,0.9992028681044409,0.9989125243935137
bump,52,5,150,0.1,0.9959427551522835,0.9959234930462704,0.9956615984845587,0.999694070124967,0.9992417014485473,0.9972927236513254,0.9956615984845587
bump,52,10,50,0.025,0.9972411128678798,0.9970635017024778,0.9956645685840908,0.9977719871028434,0.9977574795324942,0.9970997299579573,0.9956645685840908
bump,52,10,50,0.05,0.9973827391373329,0.9970518793153109,0.9997960042891811,0.998284624517092,0.9989970167230489,0.9983024527963933,0.9970518793153109
bump,52,10,50,0.075,0.9985249035198049,0.9994278038684623,0.9981991704449589,0.9969767849420215,0.9983709751192289,0.9982999275788952,0.9969767849420215
bump,52,10,50,0.1,0.9970975164359435,0.99777795743896,0.9995664338369381,0.9968151045145883,0.9977841947441812,0.9978082413941223,0.9968151045145883
bump,52,10,75,0.025,0.9999188117674584,0.9985817630502298,0.9985313029749241,0.999030717538957,0.9994165361245935,0.9990958262912326,0.9985313029749241
bump,52,10,75,0.05,0.9999913766038009,0.9999519442730407,0.9986757191297353,0.9964866573906919,0.9911693403176367,0.997255007542981,0.9911693403176367
bump,52,10,75,0.075,0.9964522948099377,0.9986459500976177,0.997718661008457,0.9977574068503321,0.9986744653191175,0.9978497556170923,0.9964522948099377
bump,52,10,75,0.1,0.9998395431674747,0.9987435889928227,0.9993760502705187,0.999723742611337,0.9971450077107389,0.9989655865505785,0.9971450077107389
bump,52,10,100,0.025,0.9977940889509236,0.9987657445984497,0.9994709457204007,0.9984046420395056,0.9998792553911713,0.9988629353400903,0.9977940889509236
bump,52,10,100,0.05,0.9997299983696661,0.9989011685652094,0.999632262298122,0.999696869699843,0.9998516588831587,0.9995623915631999,0.9989011685652094
bump,52,10,100,0.075,0.9984577623510584,0.9996893719598285,0.9997547734291383,0.9998109277735092,0.998913238866598,0.9993252148760264,0.9984577623510584
bump,52,10,100,0.1,0.9991390052235674,0.9997212326316085,0.9998222626396742,0.9988209581003227,0.9990709217948719,0.999314876078009,0.9988209581003227
bump,52,10,150,0.025,0.998684021940726,0.999872309483939,0.9992123816644212,0.9999064840640097,0.9996126665907483,0.9994575727487689,0.998684021940726
bump,52,10,150,0.05,0.9989881309469821,0.9980130704049095,0.9997143576789294,0.9996168655922726,0.9999015356630241,0.9992467920572234,0.9980130704049095
bump,52,10,150,0.075,0.9998028785280364,0.9994885583509676,0.9998430356335557,0.9997847916021987,0.9953575064537634,0.9988553541137044,0.9953575064537634
bump,52,10,150,0.1,0.9975181699079083,0.9989518219876679,0.9993572135490079,0.9997319284990416,0.9994113663593782,0.998994100060601,0.9975181699079083
bump,52,15,50,0.025,0.9988326154457903,0.9989364547505892,0.9993934883380218,0.9995966422540654,0.9987339316670143,0.9990986264910962,0.9987339316670143
bump,52,15,50,0.05,0.999692436959059,0.9974217247164459,0.9991289927359308,0.9973171948085402,0.9993400463063562,0.9985800791052665,0.9973171948085402
bump,52,15,50,0.075,0.9999842703858108,0.9958374846058815,0.9986795152372134,0.9996565855196318,0.9985719656705199,0.9985459642838114,0.9958374846058815
bump,52,15,50,0.1,0.9997766761384215,0.998334228552159,0.9996829747044209,0.9987391543826307,0.9996435929071048,0.9992353253369475,0.998334228552159
bump,52,15,75,0.025,0.9998390938248387,0.9994800959211483,0.999910858250151,0.9994486997558429,0.9997830184711995,0.9996923532446361,0.9994486997558429
bump,52,15,75,0.05,0.9989343905540649,0.9989491235425652,0.9986664917263959,0.9999757254946129,0.9995419586479901,0.9992135379931257,0.9986664917263959
bump,52,15,75,0.075,0.9988177391049624,0.9984741341856402,0.9995484246380624,0.9978415735091208,0.9998686528394507,0.9989101048554474,0.9978415735091208
bump,52,15,75,0.1,0.9999050453998388,0.9999839381759483,0.9988154169971417,0.999690666247885,0.9994992602438988,0.9995788654129425,0.9988154169971417
bump,52,15,100,0.025,0.9999417361585312,0.999173915152112,0.9989975541070584,0.9993264796347481,0.9989569050606466,0.9992793180226192,0.9989569050606466
bump,52,15,100,0.05,0.9999953360792284,0.9994123685100536,0.9997797901478651,0.9993191113560358,0.9998295472038536,0.9996672306594073,0.9993191113560358
bump,52,15,100,0.075,0.9985527100769596,0.9972085068492609,0.9995629137446185,0.99626909066724,0.9988518613180819,0.998089016531232,0.99626909066724
bump,52,15,100,0.1,0.9988704564589126,0.9994109454412332,0.999853125037143,0.9993952762128739,0.999986815992995,0.9995033238286315,0.9988704564589126
bump,52,15,150,0.025,0.9999996161740672,0.9996606673367943,0.9995161827804666,0.9984115729393259,0.9998530570858728,0.9994882192633053,0.9984115729393259
bump,52,15,150,0.05,0.9997199562453547,0.9994819605607796,0.9999145433683483,0.9997678323016959,0.9998543987541395,0.9997477382460636,0.9994819605607796
bump,52,15,150,0.075,0.9999535062760239,0.9993896099488808,0.9999934615589117,0.9991396218217541,0.9985179511385738,0.9993988301488288,0.9985179511385738
bump,52,15,150,0.1,0.9998168089034405,0.9999697412385868,0.999824867867301,0.9999221347827838,0.9998506288814482,0.9998768363347121,0.9998168089034405
bump,52,20,50,0.025,0.9992069007157527,0.9988505411835273,0.9997163667037168,0.999843191529109,0.9999523237335348,0.9995138647731281,0.9988505411835273
bump,52,20,50,0.05,0.9999006878545773,0.9991027021352383,0.9981868782908736,0.9996727280646538,0.9998807321686234,0.9993487457027932,0.9981868782908736
bump,52,20,50,0.075,0.9981015600216054,0.9963072661243573,0.9993213778213081,0.9996855514362268,0.9987091269193189,0.9984249764645632,0.9963072661243573
bump,52,20,50,0.1,0.9998968515963012,0.9995204979217895,0.9994686398917112,0.9999720860202577,0.9985106040018072,0.9994737358863734,0.9985106040018072
bump,52,20,75,0.025,0.9997231796703825,0.999463469544075,0.9996550838821416,0.999497100235277,0.999732819111991,0.9996143304887735,0.999463469544075
bump,52,20,75,0.05,0.997912842634259,0.9992501340987243,0.9993492015424592,0.9995936992627288,0.999332389734237,0.9990876534544816,0.997912842634259
bump,52,20,75,0.075,0.999777330332825,0.9999786139633842,0.9990039744331234,0.9989025402150105,0.9998992349505764,0.9995123387789839,0.9989025402150105
bump,52,20,75,0.1,0.9998918321397618,0.9995026053006082,0.9995860416658715,0.9998155584562212,0.9996495259453648,0.9996891127015655,0.9995026053006082
bump,52,20,100,0.025,0.9989972638895253,0.9994391305181507,0.9999668279529017,0.999663588276708,0.9996289766516466,0.9995391574577865,0.9989972638895253
bump,52,20,100,0.05,0.9990229633321492,0.9989964286411896,0.9993718549636668,0.9979003714871966,0.9997288465928038,0.9990040930034011,0.9979003714871966
bump,52,20,100,0.075,0.9999836529269082,0.9991210688202641,0.9998751704116995,0.9994296991057923,0.9981936588857085,0.9993206500300744,0.9981936588857085
bump,52,20,100,0.1,0.999875324636317,0.9995745791788295,0.9989625955930443,0.9993530174664536,0.9994788589242063,0.9994488751597702,0.9989625955930443
bump,52,20,150,0.025,0.9992942918617629,0.9997552345360645,0.9991553778169573,0.9996496483706261,0.9995460070614774,0.9994801119293776,0.9991553778169573
bump,52,20,150,0.05,0.9997505461723457,0.9985255445296262,0.9997253041983094,0.9995343154967518,0.9995086407159968,0.9994088702226058,0.9985255445296262
bump,52,20,150,0.075,0.999736401250513,0.999841304934082,0.9999836599228602,0.9998721451252508,0.9999896319811661,0.9998846286427744,0.999736401250513
bump,52,20,150,0.1,0.99870609448301,0.9994754042980396,0.9996645664767059,0.9999722977644292,0.9997625926572324,0.9995161911358835,0.99870609448301
langermann,52,5,50,0.025,0.0013688681546404347,0.00341281208466393,0.013055761594069404,0.0025282851981578425,0.005546990841363675,0.0051825435745790575,0.0013688681546404347
langermann,52,5,50,0.05,0.0012828895378782512,0.00890731302971659,0.0010510372454051176,0.01080668654975514,0.011370417083314655,0.006683668689213951,0.0010510372454051176
langermann,52,5,50,0.075,0.00996046272597928,0.0005985728235571308,0.004363120743339,0.010629223217034856,0.012725675844255546,0.007655411070833162,0.0005985728235571308
langermann,52,5,50,0.1,0.03186440987185968,0.0024965468781477096,0.0026157892767895152,0.001241845106135786,0.005016722036176313,0.008647062633821801,0.001241845106135786
langermann,52,5,75,0.025,0.0044437151683782705,0.013080166498014245,0.003997063986848071,0.0005284855074358941,0.004220972829640068,0.005254080798063309,0.0005284855074358941
langermann,52,5,75,0.05,0.008052571292730404,3.730436333371223e-05,0.0010798385937433874,0.0009333398844335594,0.007966228536743003,0.003613856534196813,3.730436333371223e-05
langermann,52,5,75,0.075,0.0015036745865657508,0.000427991291755081,0.00011057503533873358,0.004211683535765287,0.011786661994905412,0.0036081172888660527,0.00011057503533873358
langermann,52,5,75,0.1,0.0022410774621104412,0.00900184357575573,0.0015108518970852192,0.00023238361169575228,0.0005234596748424636,0.0027019232442979215,0.00023238361169575228
langermann,52,5,100,0.025,0.0014661082947851067,0.00020290452974536244,0.0017705591242032082,0.0004279925011503316,0.0031370593799140423,0.0014009247659596102,0.00020290452974536244
langermann,52,5,100,0.05,0.0008295271906073598,0.00369861102895519,0.004690269268440073,0.011344209102357894,0.008141148569872358,0.005740753032046575,0.0008295271906073598
langermann,52,5,100,0.075,9.968801191639898e-05,6.413726313447832e-05,0.0029307621600067613,0.0018491609498794137,0.0006918839626006701,0.0011271264695075444,6.413726313447832e-05
langermann,52,5,100,0.1,0.00924964635497405,0.00015337231837087018,0.001072064286568919,0.0018130020763200694,0.0029535866983623205,0.0030483343469192457,0.00015337231837087018
langermann,52,5,150,0.025,0.0022129119480216453,0.0002890237147827879,0.002186932186473145,0.00471176685290331,0.005615760108435008,0.003003278962123179,0.0002890237147827879
langermann,52,5,150,0.05,0.0031395871267092534,0.002919571606119442,0.00024427854260111737,0.0002289620567812456,0.002260300363929435,0.0017585399392280987,0.0002289620567812456
langermann,52,5,150,0.075,0.0010398739801378287,0.004957918049379728,5.266322172792215e-06,0.0001249462718473371,0.0020478677508402043,0.0016351744748755782,5.266322172792215e-06
langermann,52,5,150,0.1,0.0004069029284006209,0.001135958610990695,0.0002164996886264703,0.0033149759002604196,0.0007820652246053328,0.0011712804705767076,0.0002164996886264703
langermann,52,10,50,0.025,0.001520829834209092,0.001384303968235523,6.907874446171469e-05,0.0004324564307602863,3.487670203661253e-05,0.0006883091359406457,3.487670203661253e-05
langermann,52,10,50,0.05,0.0006195791877467993,0.002513665183183633,0.0003399294058314961,0.002160714528828933,0.0007788850810865888,0.0012825546773354902,0.0003399294058314961
langermann,52,10,50,0.075,0.00238138482611161,0.004030426321101066,0.0013242789781804376,5.5463487314000304e-05,0.0010040537017950157,0.0017591214629004259,5.5463487314000304e-05
langermann,52,10,50,0.1,0.0034043683872830854,0.0005199825038355588,0.0005531200174593298,0.0008664887597007453,0.0009535262872699679,0.0012594971911097375,0.0005199825038355588
langermann,52,10,75,0.025,0.0027441514530675004,0.0028836497740385436,0.0009986276406042105,0.003216305517350193,0.00030248021935386227,0.002029042920882862,0.00030248021935386227
langermann,52,10,75,0.05,0.0009385322819726039,0.0006653779279752747,0.002430568975434255,3.0730088271813116e-05,0.000354075557047695,0.0008838569661403284,3.0730088271813116e-05
langermann,52,10,75,0.075,0.0032239230881792036,0.00035738417612529716,0.0002361913590238629,3.353791291682562e-05,0.001300040648338996,0.001030215436916837,3.353791291682562e-05
langermann,52,10,75,0.1,0.001715836610878263,3.3017862108852825e-05,0.0007121137631775909,0.00036273874931214145,0.0005828488086567774,0.0006813111588267251,3.3017862108852825e-05
langermann,52,10,100,0.025,0.00022275917708669546,0.0006278464761466651,0.0002493437340915783,0.0013749195236003597,0.00011874556278179682,0.0005187228947414191,0.00011874556278179682
langermann,52,10,100,0.05,0.00016124966363939564,0.0004216206834826153,0.001086530989637069,1.003316907310925e-05,0.000606374306252544,0.0004571617624169466,1.003316907310925e-05
langermann,52,10,100,0.075,0.0005996757595374547,0.0005058144117993102,0.0014365748178915005,0.0005218114413525488,0.0012865663071852662,0.0008700885475532161,0.0005058144117993102
langermann,52,10,100,0.1,0.0005648289825976871,0.0004614072950519521,0.0007861766519274838,9.705547230387523e-05,0.00024700788377907124,0.00043129525713201387,9.705547230387523e-05
langermann,52,10,150,0.025,0.0012953385488114755,0.0028700702861848004,0.0013212770264694473,0.0002733276528605888,0.0010217829350691598,0.0013563592898790944,0.0002733276528605888
langermann,52,10,150,0.05,0.0012675593254061202,5.913027816140115e-05,0.0018246595175941405,0.002137589317848354,7.069201574272377e-05,0.0010719260909505478,5.913027816140115e-05
langermann,52,10,150,0.075,0.0008527498609611772,2.0061746084376608e-05,0.0005652606779529279,0.00010890771455640547,0.0009937761939435852,0.0005081512386996944,2.0061746084376608e-05
langermann,52,10,150,0.1,0.002775111411272846,0.000979964055526139,0.0027633536389555236,6.666953139000675e-05,0.0007368732785861809,0.0014643943831461393,6.666953139000675e-05
langermann,52,15,50,0.025,2.3974485793720746e-05,0.0007353423153735328,0.0007495555402883269,0.002430435876745518,0.0028019621083994473,0.0013482540653201092,2.3974485793720746e-05
langermann,52,15,50,0.05,0.00012054332261213219,0.001214549914106744,0.001860058573585066,0.0005906171705247765,0.0004531895766435312,0.00084779171149445,0.00012054332261213219
langermann,52,15,50,0.075,0.0009360475788231515,0.00012309763412865493,0.0019925248321981393,0.002091684079577494,0.002054301571686068,0.0014395311392827014,0.00012309763412865493
langermann,52,15,50,0.1,0.000187333316397309,0.001119514988238146,0.0001636205956865311,0.00040748669887502587,3.1361659387441065e-05,0.00038186345171689064,3.1361659387441065e-05
langermann,52,15,75,0.025,0.0008923925573609548,0.0005967192803126853,0.0002630159704131163,3.0249599258125315e-05,6.040726238643046e-05,0.0003685569339462624,3.0249599258125315e-05
langermann,52,15,75,0.05,0.0016776855791253986,0.000817827746768085,1.58157891285704e-05,0.004101921401099329,0.00124473631218458,0.0015715973656611926,1.58157891285704e-05
langermann,52,15,75,0.075,0.00036290128731431004,5.9481898865287874e-05,3.601528332097814e-05,0.0021575014421009175,0.0009543897326025341,0.0007140579288408055,3.601528332097814e-05
langermann,52,15,75,0.1,0.004942674314009521,5.845723678676862e-06,0.00011781251402132042,0.0006027435474895704,6.39002171549663e-05,0.001146595263270811,5.845723678676862e-06
langermann,52,15,100,0.025,0.000171788569986564,0.00015313849525333545,0.0007966849188407732,0.00048448258446276427,2.2967190433709206e-05,0.00032581235179542924,2.2967190433709206e-05
langermann,52,15,100,0.05,0.0020602486842600243,0.002641706763065965,0.0008595018548096522,0.00048131188722755347,0.0006382212898861095,0.0013361980958498608,0.00048131188722755347
langermann,52,15,100,0.075,0.0003135705016985568,0.0004353426939465166,0.00050051049790234,0.00018048310291463032,0.0015418895439056612,0.000594359268073541,0.00018048310291463032
langermann,52,15,100,0.1,0.00030800720758450417,0.00024449923717639876,0.0005990134635074362,0.0008069464286382111,0.0005470441543360405,0.0005011020982485182,0.00024449923717639876
langermann,52,15,150,0.025,0.00021561839486183842,0.0007064378119236991,0.0013113409084652972,0.0006665371728677982,9.834876824221794e-05,0.0005996566112721702,9.834876824221794e-05
langermann,52,15,150,0.05,0.0017522495384811876,0.0002727119140797374,1.535809597230653e-05,0.00041327841539029464,0.00015330643327349236,0.0005213808794394037,1.535809597230653e-05
langermann,52,15,150,0.075,0.0007613234310621664,0.0007020166383928661,0.0016824058446174295,5.50083361516851e-05,8.186171021051791e-06,0.0006417880842490397,8.186171021051791e-06
langermann,52,15,150,0.1,0.0003300773616066177,0.0008785454902382472,8.077922506144475e-05,9.174199754746759e-05,0.0004015765242963987,0.00035654411975003517,8.077922506144475e-05
langermann,52,20,50,0.025,0.0029893745692288753,0.002700575838356478,0.0005771890372616717,0.000200149172375097,0.00037797023908581195,0.0013690517712615867,0.000200149172375097
langermann,52,20,50,0.05,0.00027170541752319366,0.00017792734441446356,0.0011975048442454117,0.000693403458992714,0.0017792896286927817,0.000823966138773713,0.00017792734441446356
langermann,52,20,50,0.075,0.0003561498996467183,5.406424306020341e-06,0.0009478219139735788,0.00029220738651392075,0.00033214536603165534,0.0003867461980943787,5.406424306020341e-06
langermann,52,20,50,0.1,4.637040842414564e-06,0.00031771230365351677,0.0007066879228740941,0.0032977958556161813,0.0020418880170749443,0.0012737442280122302,4.637040842414564e-06
langermann,52,20,75,0.025,6.491114131290665e-05,0.0012604611936550825,0.0008822449568348656,0.0002656075416849202,0.0002258018648466642,0.0005398053396668878,6.491114131290665e-05
langermann,52,20,75,0.05,0.0017167042211283512,0.0012218363378277974,0.0020777907582802957,0.0006399056584549534,3.651890426104032e-05,0.0011385511759904876,3.651890426104032e-05
langermann,52,20,75,0.075,0.0005691980349118442,0.0011021998672566813,0.0009372694985507746,3.829730329307779e-06,0.0007329380782727934,0.0006690870418642802,3.829730329307779e-06
langermann,52,20,75,0.1,0.0017268366904825694,3.716748011384219e-05,0.0009187301100297418,0.0009744040336840953,0.00036784130761602363,0.0008049959243852545,3.716748011384219e-05
langermann,52,20,100,0.025,0.0005050828362174187,0.00022060531583445453,0.0004758096281842761,0.0001809686682467948,0.0011838839039084448,0.0005132700704782778,0.0001809686682467948
langermann,52,20,100,0.05,0.00020684784295843528,3.185826589202634e-06,0.00015522397032707858,2.6118042145029108e-05,0.00029034964260676865,0.00013634506492530286,3.185826589202634e-06
langermann,52,20,100,0.075,2.3864799969963713e-05,0.0010376911931613275,0.0010191384661859537,0.00020507506415468058,0.0010453073818013081,0.0006662153810546468,2.3864799969963713e-05
langermann,52,20,100,0.1,0.0016514161910534675,0.00034344325629387384,0.0023863247747843985,0.0002758892315375405,0.0003258304328364048,0.000996580777301137,0.0002758892315375405
langermann,52,20,150,0.025,0.00027210264445542975,0.001924958802746346,0.0002614502309898903,6.287688616635201e-05,0.0005311628097395271,0.000610510274819509,6.287688616635201e-05
langermann,52,20,150,0.05,6.460708819178151e-05,0.00032159607421577974,6.539460469290326e-05,0.00027509420272076035,0.00027200181107445154,0.0001997387561791353,6.460708819178151e-05
langermann,52,20,150,0.075,0.0005281388933091602,3.0462899699656987e-05,0.00014502105536640109,0.000746020168720607,1.8821821887504697e-05,0.00029369296779666596,1.8821821887504697e-05
langermann,52,20,150,0.1,0.00016546512063109198,4.395506207455213e-06,0.0003826821593981844,3.834378222111745e-05,0.00032441765029433967,0.00018306084375043774,4.395506207455213e-06
shekel,52,5,50,0.025,0.046624755525719985,0.18965948122089782,0.1901904758679498,0.19001452381465112,0.19012272971555744,0.16132239322895522,0.046624755525719985
shekel,52,5,50,0.05,0.18992885165280526,0.18582221790468356,0.7292636648467854,0.7303293380475566,0.7334376114325807,0.5137563367768824,0.18582221790468356
shekel,52,5,50,0.075,0.7327821276159876,0.18916215926080526,0.1866012049195962,0.049393429381781706,0.04909960564039939,0.24140770536371403,0.04909960564039939
shekel,52,5,50,0.1,0.7340951077274924,0.048200257833906024,0.04788514676627975,0.1893961649335396,0.731869302096241,0.35028919587149177,0.04788514676627975
shekel,52,5,75,0.025,0.18976848375968913,0.1890597207948186,0.7324426170253817,0.04569508944185974,0.04815415306009019,0.24102401281636787,0.04569508944185974
shekel,52,5,75,0.05,0.047615100179747794,0.7314133845945308,0.045974730339044534,0.7315451800572244,0.047595623276086574,0.3208288036893268,0.045974730339044534
shekel,52,5,75,0.075,0.046571363985355774,0.732339451259493,0.19053293747802003,0.046946602634056145,0.046665223955296264,0.21261111586244424,0.046571363985355774
shekel,52,5,75,0.1,0.19076673547206213,0.7321294698133611,0.7334469902945084,0.04862274669364175,0.19023637877841848,0.3790404642103984,0.04862274669364175
shekel,52,5,100,0.025,0.04710728141335818,0.18941964995375726,0.046883584744638274,0.048409105439078726,0.7304004780792626,0.212444019926019,0.046883584744638274
shekel,52,5,100,0.05,0.19025042052930763,0.7326130932616615,0.19083929935483068,0.18931654284311383,0.04586578546116171,0.26977702829001504,0.04586578546116171
shekel,52,5,100,0.075,0.19043223278085075,0.731290528081993,0.04668175010642206,0.7319205365331134,0.04698438339070021,0.3494618861786159,0.04668175010642206
shekel,52,5,100,0.1,0.19011823367340708,0.04674087398513693,0.04676788177088276,0.18999015931250662,0.1913785960154093,0.13299914895146853,0.04674087398513693
shekel,52,5,150,0.025,0.7322871286636574,0.7321593075050594,0.04624301762084637,0.1899944816249617,0.1892844589144187,0.3779936788657887,0.04624301762084637
shekel,52,5,150,0.05,0.18997122340011607,0.1900029874042548,0.0468728967757579,0.18987549921227065,0.19042467667859153,0.1614294566941982,0.0468728967757579
shekel,52,5,150,0.075,0.1892551493721928,0.18988590093675062,0.7320181191927215,0.7333622641810742,0.04680011482447943,0.3782643097014437,0.04680011482447943
shekel,52,5,150,0.1,0.04702962224904539,0.19010458085904602,0.7319855273797768,0.7322130298989098,0.04708516766805859,0.34968358561096735,0.04702962224904539
shekel,52,10,50,0.025,0.1901994273229597,0.04690192054553721,0.1899382739676645,0.04680499941349425,0.1898991220935391,0.13274874866863895,0.04680499941349425
shekel,52,10,50,0.05,0.046982129529123506,0.7323806739455956,0.04650664205389843,0.7323398638635046,0.19005955325662693,0.34965377252974983,0.04650664205389843
shekel,52,10,50,0.075,0.19215843700366442,0.18845013870865146,0.1899077528192059,0.7309171379996631,0.18973439648195045,0.29823357260262706,0.18845013870865146
shekel,52,10,50,0.1,0.0481111154987921,0.18835134850773727,0.18967210762754272,0.047383108735289836,0.19001213047259502,0.1327059621683914,0.047383108735289836
shekel,52,10,75,0.025,0.7312777895981797,0.19028773199895554,0.04731095194331747,0.04743271848742969,0.04757434573400121,0.2127767075523767,0.04731095194331747
shekel,52,10,75,0.05,0.04671193576557342,0.0470202144956442,0.19006445205078393,0.04684056735916453,0.04685191371881259,0.07549781667799574,0.04671193576557342
shekel,52,10,75,0.075,0.7313137551524276,0.7319240526617365,0.7320440304520124,0.7317949705800522,0.19004594442474665,0.6234245506541951,0.19004594442474665
shekel,52,10,75,0.1,0.04695558118661869,0.19057802330533846,0.7319300452815969,0.18996243386089717,0.04701119504330431,0.2412874557355511,0.04695558118661869
shekel,52,10,100,0.025,0.047044671376222924,0.7320438513454657,0.04750920197792352,0.04685371126767457,0.7314189656026344,0.3209740803139842,0.04685371126767457
shekel,52,10,100,0.05,0.04698307431286364,0.04660109986458849,0.18991936630795547,0.046828983340863495,0.04626038589341497,0.07531858194393722,0.04626038589341497
shekel,52,10,100,0.075,0.7317993264441467,0.7321896877049718,0.19110648260011454,0.04685075864807664,0.1896176028365535,0.3783127716467726,0.04685075864807664
shekel,52,10,100,0.1,0.1899146641160223,0.731960882953602,0.18951045280936762,0.7320046254757728,0.046941278931114994,0.3780663808571759,0.046941278931114994
shekel,52,10,150,0.025,0.7319190637130397,0.04683618863012118,0.19035229805960086,0.7319713934067986,0.0469945579395894,0.34961470034982994,0.04683618863012118
shekel,52,10,150,0.05,0.7319823576472264,0.7319620891698111,0.047111161424139514,0.18984750753835944,0.7318296424070285,0.486546551637313,0.047111161424139514
shekel,52,10,150,0.075,0.19000484899527592,0.19009645467302505,0.7318933065649418,0.19006769007501134,0.19000089560009803,0.29841263918167044,0.19000089560009803
shekel,52,10,150,0.1,0.04723167515488624,0.19002524204662175,0.7321253726682797,0.04720313196726611,0.19004975550527958,0.24132703546846668,0.04720313196726611
shekel,52,15,50,0.025,0.7320462811279571,0.04699062811464483,0.7319503849812912,0.1904000086989157,0.731756332955648,0.4866287271756914,0.04699062811464483
shekel,52,15,50,0.05,0.7318215059265354,0.7320081250915675,0.7323999660722373,0.04708242446062272,0.18988393269435444,0.4866391908490636,0.04708242446062272
shekel,52,15,50,0.075,0.047215267165207075,0.1907765595335673,0.047050455906335165,0.7319712645698915,0.0467347512643399,0.2127496596878682,0.0467347512643399
shekel,52,15,50,0.1,0.046474099165717764,0.7320592108535173,0.190032307862102,0.19006276810260703,0.732082333077003,0.3781421438121894,0.046474099165717764
shekel,52,15,75,0.025,0.7319245729522117,0.04702724128605684,0.046863332372024225,0.7319993648232446,0.18999830649549332,0.3495625635858061,0.046863332372024225
shekel,52,15,75,0.05,0.190333624055242,0.1899931368237544,0.18998602335850423,0.04710547164054413,0.7320757675958662,0.2698988046947822,0.04710547164054413
shekel,52,15,75,0.075,0.7318699140882428,0.04684840372111254,0.046975059221844306,0.18990775133027227,0.04701066878820881,0.21252235942993614,0.04684840372111254
shekel,52,15,75,0.1,0.18975793367381089,0.7320887354805559,0.046994331610096474,0.1897059572693538,0.189928837171234,0.2696951590410102,0.046994331610096474
shekel,52,15,100,0.025,0.19009959703613366,0.7318045751101638,0.7320552401580951,0.7319673281085561,0.18998207423220803,0.5151817629290314,0.18998207423220803
shekel,52,15,100,0.05,0.19007197498741468,0.046938210115398116,0.7317051620135326,0.04708426642658825,0.19038013478949556,0.24123594966648584,0.046938210115398116
shekel,52,15,100,0.075,0.18999172548673715,0.04687273922145718,0.7319688713622496,0.04675241506511996,0.7319980410819131,0.3495167584434954,0.04675241506511996
shekel,52,15,100,0.1,0.19013279716420994,0.047000180174525674,0.04699318844065381,0.04742520251632443,0.047125132466220965,0.07573530015238697,0.04699318844065381
shekel,52,15,150,0.025,0.04691677791550952,0.7318962727969864,0.732061757414932,0.7319711596904455,0.04693241718340757,0.45795567700025613,0.04691677791550952
shekel,52,15,150,0.05,0.19000819377845657,0.1896381633024402,0.04697793350173973,0.731901101550642,0.04704063911339218,0.24111320624933413,0.04697793350173973
shekel,52,15,150,0.075,0.18993904901459002,0.046941057938659325,0.04712840653552397,0.1901107893873295,0.7321018139555397,0.2412442233663285,0.046941057938659325
shekel,52,15,150,0.1,0.047040010686203226,0.19012465471830509,0.046998303651712314,0.731990620543733,0.04703818405786153,0.21263835473156303,0.046998303651712314
shekel,52,20,50,0.025,0.73221393740115,0.1900279602507513,0.04682682686795814,0.19007977815872334,0.04731093922353047,0.24129188838042265,0.04682682686795814
shekel,52,20,50,0.05,0.1898493754902555,0.7320036054285002,0.732470066801193,0.731848619082349,0.7322685933001798,0.6236880520204956,0.1898493754902555
shekel,52,20,50,0.075,0.7322790532456596,0.04704284764235278,0.046990495930920195,0.04661158411524857,0.18996272387197588,0.2125773409612314,0.04661158411524857
shekel,52,20,50,0.1,0.7320605466394101,0.18988930957214833,0.046992523220590554,0.19006341607687616,0.04677819633193825,0.24115679836819268,0.04677819633193825
shekel,52,20,75,0.025,0.7320551954119825,0.18991893020106532,0.04716468255550654,0.04699146496743989,0.18993693311318505,0.24121344124983585,0.04699146496743989
shekel,52,20,75,0.05,0.04675187833427685,0.04693397579711145,0.04675290630753315,0.1899808228212303,0.7317192929748724,0.21242777524700482,0.04675187833427685
shekel,52,20,75,0.075,0.04687014446943372,0.18979767802788827,0.19004081156259844,0.7318340947149238,0.7315196910029551,0.37801248395555986,0.04687014446943372
shekel,52,20,75,0.1,0.7318399402218536,0.18987709221849158,0.19005276280973105,0.190033914782896,0.18992603568746724,0.2983459491440879,0.18987709221849158
shekel,52,20,100,0.025,0.04697762934456695,0.04709874648041956,0.1899335214364417,0.1899914545051904,0.047028563123483025,0.10420598297802033,0.04697762934456695
shekel,52,20,100,0.05,0.04698867262452011,0.04692966354617778,0.7320350920400964,0.7320055528804486,0.04700754462952661,0.3209933051441539,0.04692966354617778
shekel,52,20,100,0.075,0.19006635097777558,0.7319697955673825,0.19004256322478907,0.1899656324923804,0.04700769235002755,0.26981040692247105,0.04700769235002755
shekel,52,20,100,0.1,0.18999465030804696,0.18975716544021948,0.7319259535831859,0.19001253240669236,0.04699320435586429,0.2697367012188018,0.04699320435586429
shekel,52,20,150,0.025,0.7320132019593619,0.046966987921771786,0.732032971850636,0.04705137767498413,0.7318004080564122,0.45797298949263326,0.046966987921771786
shekel,52,20,150,0.05,0.04699425396478807,0.046869910564461215,0.04695683022478514,0.18994846756127015,0.7318982586353384,0.2125335441901286,0.046869910564461215
shekel,52,20,150,0.075,0.7320113003407362,0.04687116033733085,0.1897882594564022,0.1899615179585621,0.7320369172642294,0.37813383107145215,0.04687116033733085
shekel,52,20,150,0.1,0.04695587987626881,0.047000950264891594,0.04693930448689487,0.7319933449816276,0.18983831993653855,0.21254555990924429,0.04693930448689487
odd_square,52,5,50,0.025,0.008482043810752904,0.008516196681034316,0.009960836671670137,0.008143869743674204,0.010743614447344063,0.009169312270895125,0.008143869743674204
odd_square,52,5,50,0.05,0.01080455002497982,0.007283468133464588,0.00728797632859024,0.008248288807480852,0.007695597669093557,0.008263976192721812,0.007283468133464588
odd_square,52,5,50,0.075,0.01375813858741548,0.010492840439987994,0.008986678415919602,0.028055058869645544,0.010449509853608818,0.014348445233315488,0.008986678415919602
odd_square,52,5,50,0.1,0.008589976035362712,0.01624300332452644,0.005017290591993184,0.010411337197261616,0.017685107272058298,0.01158934288424045,0.005017290591993184
odd_square,52,5,75,0.025,0.005042389425924165,0.0061181025845891135,0.009265689063876925,0.009839194662164097,0.003868372241061291,0.006826749595523119,0.003868372241061291
odd_square,52,5,75,0.05,0.010502946966312043,0.00801682875377363,0.005032362050654049,0.006490367074996062,0.009588805044992377,0.007926261978145633,0.005032362050654049
odd_square,52,5,75,0.075,0.004722141029285476,0.007615799925074773,0.009442066688396089,0.01077134587740236,0.003573859557374881,0.007225042615506716,0.003573859557374881
odd_square,52,5,75,0.1,0.007422430970307037,0.0026506945559767736,0.007858193753417009,0.007291783954387343,0.008388967996447727,0.0067224142461071775,0.0026506945559767736
odd_square,52,5,100,0.025,0.008764349028574037,0.008596431633327573,0.005577339516521507,0.00817290816062588,0.007818001777843753,0.00778580602337855,0.005577339516521507
odd_square,52,5,100,0.05,0.006774164602969757,0.008317046953533191,0.006574619617261357,0.007794762623964502,0.0068958719828404735,0.007271293156113856,0.006574619617261357
odd_square,52,5,100,0.075,0.005973626661669229,0.012000804801493237,0.007437281764786086,0.009631414615300926,0.008289784898880104,0.008666582548425917,0.005973626661669229
odd_square,52,5,100,0.1,0.004146287935073323,0.005872094235056524,0.007814060242957943,0.00866648328306141,0.00793770588249365,0.00688732631572857,0.004146287935073323
odd_square,52,5,150,0.025,0.00856331726681736,0.009044817998985932,0.008518605129876455,0.007220876704953305,0.006694636805911536,0.008008450781308917,0.006694636805911536
odd_square,52,5,150,0.05,0.010080913308086803,0.006630658851860538,0.00897509053409462,0.009904126547782388,0.0068164754755783985,0.00848145294348055,0.006630658851860538
odd_square,52,5,150,0.075,0.005799083245760839,0.007935368809853793,0.008204137090315422,0.008378201252300821,0.009357560735955506,0.007934870226837277,0.005799083245760839
odd_square,52,5,150,0.1,0.007648446923654184,0.007077179830930147,0.008072284374988081,0.007346649720359588,0.00633000349598456,0.007294912869183312,0.00633000349598456
odd_square,52,10,50,0.025,0.007944780643795113,0.007533472737374591,0.007981719705389745,0.007903803396818176,0.006705989495176867,0.007613953195710899,0.006705989495176867
odd_square,52,10,50,0.05,0.008878715013360239,0.00819168346675081,0.008205337061106155,0.007925744979977667,0.0088670755952438,0.008413711223287735,0.007925744979977667
odd_square,52,10,50,0.075,0.00912889479251966,0.008816943172861968,0.0037197464526663726,0.00978710547328454,0.007493770836717539,0.007789292145610016,0.0037197464526663726
odd_square,52,10,50,0.1,0.011988197383445698,0.007445018357243871,0.006903835295187788,0.0064284529380056465,0.00773996669948418,0.008101094134673437,0.0064284529380056465
odd_square,52,10,75,0.025,0.008004025680610427,0.008950715223444039,0.009009795996636205,0.0070977750685505825,0.004604320745051238,0.0075333265428584985,0.004604320745051238
odd_square,52,10,75,0.05,0.006332422060070231,0.008194665947365731,0.007904863392298012,0.00914456445917966,0.007883709573127673,0.007892045086408261,0.006332422060070231
odd_square,52,10,75,0.075,0.00699287984411856,0.007745622576248001,0.008749414551051604,0.007445532958559431,0.008110687303269692,0.007808827446649458,0.00699287984411856
odd_square,52,10,75,0.1,0.009310396869530502,0.006340356423988558,0.0074308984964635005,0.008585770768480439,0.008455492126876685,0.008024582937067936,0.006340356423988558
odd_square,52,10,100,0.025,0.007566956151314974,0.008661737616270093,0.006182664567966345,0.008685996878640134,0.008967340577616945,0.008012939158361699,0.006182664567966345
odd_square,52,10,100,0.05,0.007999234556981483,0.007983702097858147,0.008343596833362499,0.0072468022015519384,0.008680382463004843,0.008050743630551782,0.0072468022015519384
odd_square,52,10,100,0.075,0.008014997821342407,0.009348712964545536,0.008322369483375613,0.007232581007096561,0.008554151831948964,0.008294562621661816,0.007232581007096561
odd_square,52,10,100,0.1,0.00823658522888926,0.007799478171701679,0.009040024670233793,0.009544711581208176,0.008687749606513862,0.008661709851709354,0.007799478171701679
odd_square,52,10,150,0.025,0.008139767246114538,0.008503974680790227,0.008258392630088762,0.008156948941836495,0.007773237429670177,0.00816646418570004,0.007773237429670177
odd_square,52,10,150,0.05,0.007732228344285108,0.008189394813815198,0.00821314188232214,0.007938548626793107,0.0077800710010302865,0.007970676933649168,0.007732228344285108
odd_square,52,10,150,0.075,0.007730880387611272,0.007505313930331159,0.008396721418898245,0.00815789753543572,0.007965786265574204,0.00795131990757012,0.007505313930331159
odd_square,52,10,150,0.1,0.0078003013005958355,0.008552672421960228,0.008045216462584603,0.0065805254217894404,0.008348046479573545,0.007865352417300731,0.0065805254217894404
odd_square,52,15,50,0.025,0.0077202898721617785,0.007739737501243571,0.009834315937144789,0.008788277448571025,0.008372625409655221,0.008491049233755276,0.0077202898721617785
odd_square,52,15,50,0.05,0.008916471423561001,0.008249096691816726,0.007449378470593349,0.00993775188627044,0.008843371557393676,0.008679214005927038,0.007449378470593349
odd_square,52,15,50,0.075,0.007130049982193798,0.008157640357386642,0.008023646781987415,0.00748398794190952,0.00813968537662646,0.007787002088020767,0.007130049982193798
odd_square,52,15,50,0.1,0.007820111513849204,0.008396964848184973,0.00798930590907898,0.006792426456046385,0.006095406706722706,0.00741884308677645,0.006095406706722706
odd_square,52,15,75,0.025,0.00791042094174399,0.008446395570043785,0.007658393479446746,0.00692602440270762,0.008297798664316236,0.007847806611651676,0.00692602440270762
odd_square,52,15,75,0.05,0.004574291177453782,0.00834182657318161,0.007087609765613845,0.00712429396874481,0.009043171854550502,0.00723423866790891,0.004574291177453782
odd_square,52,15,75,0.075,0.007770983599133752,0.007864432738671212,0.007604449040953698,0.007762332676911621,0.008037778383481964,0.0078079952878304494,0.007604449040953698
odd_square,52,15,75,0.1,0.008006884013060711,0.008128606991090637,0.00893408153302877,0.007754952264639625,0.007989960445075495,0.008162897049379048,0.007754952264639625
odd_square,52,15,100,0.025,0.008149406529112557,0.008016269253024344,0.008271314332961577,0.007696855798160929,0.0077471225409715405,0.007976193690846189,0.007696855798160929
odd_square,52,15,100,0.05,0.008004355865624868,0.008884137782058321,0.007429097212027003,0.007535551826959086,0.007830425433863475,0.007936713624106551,0.007429097212027003
odd_square,52,15,100,0.075,0.007960196422383214,0.007823202991469325,0.007855669361432449,0.007925692726491462,0.007830693496123198,0.00787909099957993,0.007823202991469325
odd_square,52,15,100,0.1,0.008485557567575519,0.007406807077206645,0.00846347998051078,0.008606500586057608,0.0081941676095727,0.00823130256418465,0.007406807077206645
odd_square,52,15,150,0.025,0.008156063423066628,0.00807409250217872,0.007964456557703725,0.007906816100418768,0.0077890187951636936,0.007978089475706307,0.0077890187951636936
odd_square,52,15,150,0.05,0.007719003556836412,0.007975155812829593,0.007794873766598265,0.007816579536715329,0.007965057073395787,0.007854133949275078,0.007719003556836412
odd_square,52,15,150,0.075,0.007941478272896596,0.008169778685721996,0.007966112577633577,0.007759679433347655,0.008143908671910838,0.007996191528302133,0.007759679433347655
odd_square,52,15,150,0.1,0.00783839543687459,0.00821825703524115,0.007951663646151852,0.0077588006624458306,0.0081787302219678,0.007989169400536244,0.0077588006624458306
odd_square,52,20,50,0.025,0.008047659955209063,0.007760709220322237,0.008258591282664263,0.007966430000987623,0.007947568695865881,0.007996191831009813,0.007760709220322237
odd_square,52,20,50,0.05,0.008318533743505219,0.007902616202039914,0.008210570584106236,0.008615317079622375,0.007955693036548306,0.00820054612916441,0.007902616202039914
odd_square,52,20,50,0.075,0.0078092865350762874,0.009083030862610197,0.007824364589319455,0.007825109808667907,0.006682124125220623,0.007844783184178894,0.006682124125220623
odd_square,52,20,50,0.1,0.008855963480651319,0.008463129453102791,0.007825603119332225,0.007640927826506827,0.008190232332996317,0.008195171242517896,0.007640927826506827
odd_square,52,20,75,0.025,0.007970287154118738,0.008527475118417893,0.007708728112895358,0.00818784767382219,0.0072029094810464045,0.007919449508060117,0.0072029094810464045
odd_square,52,20,75,0.05,0.007913916767651852,0.008195487120542078,0.007473949290927484,0.007404974428713906,0.007957887238916328,0.007789242969350329,0.007404974428713906
odd_square,52,20,75,0.075,0.008261737186365137,0.007617415819645812,0.007276993450632263,0.007838248723113672,0.0070542975333802715,0.007609738542627431,0.0070542975333802715
odd_square,52,20,75,0.1,0.008128060141926907,0.00770468113878775,0.008440027991921673,0.007601160103388294,0.007933052055872247,0.007961396286379374,0.007601160103388294
odd_square,52,20,100,0.025,0.007983379127167067,0.007873921577001619,0.007986562997207347,0.008121431175229787,0.008203629988227767,0.008033784972966718,0.007873921577001619
odd_square,52,20,100,0.05,0.008008583935312785,0.007750192491045471,0.007959715837219994,0.007899389918714972,0.007421385821906545,0.007807853600839953,0.007421385821906545
odd_square,52,20,100,0.075,0.007880473572120295,0.008021371899986196,0.008329460724934679,0.007770328312760144,0.008000589872591224,0.008000444876478507,0.007770328312760144
odd_square,52,20,100,0.1,0.007974623033939254,0.008246524384078802,0.008490860985671533,0.00791441144393823,0.008103032255935005,0.008145890420712565,0.00791441144393823
odd_square,52,20,150,0.025,0.007819887156136796,0.007941020359945039,0.007679388825266864,0.00808550848026357,0.008020874135838296,0.007909335791490113,0.007679388825266864
odd_square,52,20,150,0.05,0.008113489144121022,0.007986813500733048,0.008098770877439376,0.007959261156250452,0.008098089274199305,0.008051284790548641,0.007959261156250452
odd_square,52,20,150,0.075,0.00800648874155585,0.00785780150204185,0.00803694131681576,0.008002223272355335,0.00789267650383696,0.007959226267321151,0.00785780150204185
odd_square,52,20,150,0.1,0.007747518256482566,0.008602651149159035,0.008093221146281193,0.007991734860285149,0.007838327317421179,0.008054690545925825,0.007747518256482566

